{"objective": "Logloss", "eval_metric": "AUC", "random_seed": 42, "learning_rate": 0.2888162545664902, "l2_leaf_reg": 4.75448136598821, "subsample": 0.551052756511186, "depth": 10, "border_count": 66, "grow_policy": "SymmetricTree", "iterations": 100}