{"objective": "Logloss", "eval_metric": "AUC", "random_seed": 42, "learning_rate": 0.1731238545780306, "l2_leaf_reg": 0.10839139936139851, "subsample": 0.8176468720202248, "depth": 5, "border_count": 159, "grow_policy": "Depthwise", "iterations": 100}